Name,Code,Theme
SK하이닉스,000660,Dynamic_KOSPI_Vol
한화솔루션,009830,Dynamic_KOSPI_Vol
만호제강,001080,Dynamic_KOSPI_Vol
애경케미칼,161000,Dynamic_KOSPI_Vol
PLUS 글로벌저작권핵심기업액티브,0166T0,Dynamic_KOSPI_Vol
금호전기,001210,Dynamic_KOSPI_Vol
삼화전자,011230,Dynamic_KOSPI_Vol
SK네트웍스,001740,Dynamic_KOSPI_Vol
흥아해운,003280,Dynamic_KOSPI_Vol
현대차2우B,005387,Dynamic_KOSPI_Vol
남선알미늄,008350,Dynamic_KOSPI_Vol
콘텐트리중앙,036420,Dynamic_KOSPI_Vol
한온시스템,018880,Dynamic_KOSPI_Vol
PLUS 단기채권액티브,278620,Dynamic_KOSPI_Vol
금호건설,002990,Dynamic_KOSPI_Vol
YG PLUS,037270,Dynamic_KOSPI_Vol
모나미,005360,Dynamic_KOSPI_Vol
신성이엔지,011930,Dynamic_KOSPI_Vol
ACE 글로벌반도체TOP4 Plus,446770,Dynamic_KOSPI_Vol
이수화학,005950,Dynamic_KOSPI_Vol
아이에스동서,010780,Dynamic_KOSPI_Vol
다스코,058730,Dynamic_KOSPI_Vol
현대해상,001450,Dynamic_KOSPI_Vol
코웨이,021240,Dynamic_KOSPI_Vol
삼호개발,010960,Dynamic_KOSPI_Vol
삼성전자,005930,Dynamic_KOSPI_Vol
ACE 미국빅테크TOP7 Plus,465580,Dynamic_KOSPI_Vol
삼성에피스홀딩스,0126Z0,Dynamic_KOSPI_Vol
SK바이오사이언스,302440,Dynamic_KOSPI_Vol
제주은행,006220,Dynamic_KOSPI_Vol
삼화전기,009470,Dynamic_KOSPI_Vol
보해양조,000890,Dynamic_KOSPI_Vol
SK오션플랜트,100090,Dynamic_KOSPI_Vol
진흥기업,002780,Dynamic_KOSPI_Vol
금호건설우,002995,Dynamic_KOSPI_Vol
KG모빌리티,003620,Dynamic_KOSPI_Vol
SK이터닉스,475150,Dynamic_KOSPI_Vol
대우건설,047040,Dynamic_KOSPI_Vol
넥스틸,092790,Dynamic_KOSPI_Vol
효성화학,298000,Dynamic_KOSPI_Vol
대한해운,005880,Dynamic_KOSPI_Vol
후성,093370,Dynamic_KOSPI_Vol
한농화성,011500,Dynamic_KOSPI_Vol
일성건설,013360,Dynamic_KOSPI_Vol
농심,004370,Dynamic_KOSPI_Vol
금호에이치티,214330,Dynamic_KOSPI_Vol
LG씨엔에스,064400,Dynamic_KOSPI_Vol
두산로보틱스,454910,Dynamic_KOSPI_Vol
한미사이언스,008930,Dynamic_KOSPI_Vol
삼화콘덴서,001820,Dynamic_KOSPI_Vol
카카오,035720,Dynamic_KOSPI_Vol
HANARO Fn조선해운,441540,Dynamic_KOSPI_Vol
광전자,017900,Dynamic_KOSPI_Vol
SUN&L,002820,Dynamic_KOSPI_Vol
한솔테크닉스,004710,Dynamic_KOSPI_Vol
대원전선,006340,Dynamic_KOSPI_Vol
현대약품,004310,Dynamic_KOSPI_Vol
삼성전자우,005935,Dynamic_KOSPI_Vol
에코프로머티,450080,Dynamic_KOSPI_Vol
대덕전자,353200,Dynamic_KOSPI_Vol
태경케미컬,006890,Dynamic_KOSPI_Vol
한국석유,004090,Dynamic_KOSPI_Vol
가온전선,000500,Dynamic_KOSPI_Vol
ACE 미국30년국채액티브(H),453850,Dynamic_KOSPI_Vol
영흥,012160,Dynamic_KOSPI_Vol
KG케미칼,001390,Dynamic_KOSPI_Vol
극동유화,014530,Dynamic_KOSPI_Vol
SOL 미국S&P500,433330,Dynamic_KOSPI_Vol
현대차우,005385,Dynamic_KOSPI_Vol
HD현대에너지솔루션,322000,Dynamic_KOSPI_Vol
KBI메탈,024840,Dynamic_KOSDAQ_Vol
서암기계공업,100660,Dynamic_KOSDAQ_Vol
쏠리드,050890,Dynamic_KOSDAQ_Vol
세미티에스,0017J0,Dynamic_KOSDAQ_Vol
리노공업,058470,Dynamic_KOSDAQ_Vol
카카오게임즈,293490,Dynamic_KOSDAQ_Vol
대모,317850,Dynamic_KOSDAQ_Vol
레몬헬스케어,365660,Dynamic_KOSDAQ_Vol
강동씨앤엘,198440,Dynamic_KOSDAQ_Vol
서산,079650,Dynamic_KOSDAQ_Vol
피엔티,137400,Dynamic_KOSDAQ_Vol
RF머트리얼즈,327260,Dynamic_KOSDAQ_Vol
수성웹툰,084180,Dynamic_KOSDAQ_Vol
디앤디파마텍,347850,Dynamic_KOSDAQ_Vol
덕신이피씨,090410,Dynamic_KOSDAQ_Vol
동원개발,013120,Dynamic_KOSDAQ_Vol
지투지바이오,456160,Dynamic_KOSDAQ_Vol
라온시큐어,042510,Dynamic_KOSDAQ_Vol
에이티넘인베스트,021080,Dynamic_KOSDAQ_Vol
삼기,122350,Dynamic_KOSDAQ_Vol
컴퍼니케이,307930,Dynamic_KOSDAQ_Vol
지에스이,053050,Dynamic_KOSDAQ_Vol
랩지노믹스,084650,Dynamic_KOSDAQ_Vol
핸디소프트,220180,Dynamic_KOSDAQ_Vol
아로마티카,0015N0,Dynamic_KOSDAQ_Vol
이노스페이스,462350,Dynamic_KOSDAQ_Vol
우리바이오,082850,Dynamic_KOSDAQ_Vol
뷰티스킨,406820,Dynamic_KOSDAQ_Vol
갤럭시아머니트리,094480,Dynamic_KOSDAQ_Vol
HPSP,403870,Dynamic_KOSDAQ_Vol
아리바이오랩,261780,Dynamic_KOSDAQ_Vol
성호전자,043260,Dynamic_KOSDAQ_Vol
코칩,126730,Dynamic_KOSDAQ_Vol
폴라리스오피스,041020,Dynamic_KOSDAQ_Vol
이랜시스,264850,Dynamic_KOSDAQ_Vol
광무,029480,Dynamic_KOSDAQ_Vol
흥구석유,024060,Dynamic_KOSDAQ_Vol
나우IB,293580,Dynamic_KOSDAQ_Vol
원준,382840,Dynamic_KOSDAQ_Vol
슈어소프트테크,298830,Dynamic_KOSDAQ_Vol
소룩스,290690,Dynamic_KOSDAQ_Vol
엑스게이트,356680,Dynamic_KOSDAQ_Vol
제이아이테크,417500,Dynamic_KOSDAQ_Vol
마키나락스,477850,Dynamic_KOSDAQ_Vol
에코플라스틱,038110,Dynamic_KOSDAQ_Vol
코오롱티슈진,950160,Dynamic_KOSDAQ_Vol
우원개발,046940,Dynamic_KOSDAQ_Vol
웨이브일렉트로,095270,Dynamic_KOSDAQ_Vol
비엘팜텍,065170,Dynamic_KOSDAQ_Vol
동양파일,228340,Dynamic_KOSDAQ_Vol
파세코,037070,Dynamic_KOSDAQ_Vol
세종텔레콤,036630,Dynamic_KOSDAQ_Vol
바이오비쥬,489460,Dynamic_KOSDAQ_Vol
케이엔더블유,105330,Dynamic_KOSDAQ_Vol
전진바이오팜,110020,Dynamic_KOSDAQ_Vol
케이피엠테크,042040,Dynamic_KOSDAQ_Vol
CSA 코스믹,083660,Dynamic_KOSDAQ_Vol
피스피스스튜디오,0117P0,Dynamic_KOSDAQ_Vol
네이처셀,007390,Dynamic_KOSDAQ_Vol
큐에스아이,066310,Dynamic_KOSDAQ_Vol
데이타솔루션,263800,Dynamic_KOSDAQ_Vol
에스와이스틸텍,365330,Dynamic_KOSDAQ_Vol
국영지앤엠,006050,Dynamic_KOSDAQ_Vol
세림B&G,340440,Dynamic_KOSDAQ_Vol
헥토파이낸셜,234340,Dynamic_KOSDAQ_Vol
한국전자인증,041460,Dynamic_KOSDAQ_Vol
모베이스전자,012860,Dynamic_KOSDAQ_Vol
나인앤컴퍼니,366030,Dynamic_KOSDAQ_Vol
지놈앤컴퍼니,314130,Dynamic_KOSDAQ_Vol
신라섬유,001000,Dynamic_KOSDAQ_Vol
원풍물산,008290,Dynamic_KOSDAQ_Vol
벨로크,424760,Dynamic_KOSDAQ_Vol
삼양컴텍,484590,Dynamic_KOSDAQ_Vol
테크윙,089030,Dynamic_KOSDAQ_Vol
이브이첨단소재,131400,Dynamic_KOSDAQ_Vol
주성엔지니어링,036930,Dynamic_KOSDAQ_Vol
레이저쎌,412350,Dynamic_KOSDAQ_Vol
한성크린텍,066980,Dynamic_KOSDAQ_Vol
SFA반도체,036540,Dynamic_KOSDAQ_Vol
젠큐릭스,229000,Dynamic_KOSDAQ_Vol
켄코아에어로스페이스,274090,Dynamic_KOSDAQ_Vol
우리손에프앤지,073560,Dynamic_KOSDAQ_Vol
한국정보인증,053300,Dynamic_KOSDAQ_Vol
매드업,0039P0,Dynamic_KOSDAQ_Vol
유진기업,023410,Dynamic_KOSDAQ_Vol
일승,333430,Dynamic_KOSDAQ_Vol
파두,440110,Dynamic_KOSDAQ_Vol
엔피,291230,Dynamic_KOSDAQ_Vol
성도이엔지,037350,Dynamic_KOSDAQ_Vol
HB솔루션,297890,Dynamic_KOSDAQ_Vol
펨트론,168360,Dynamic_KOSDAQ_Vol
펩트론,087010,Dynamic_KOSDAQ_Vol
아이엠바이오로직스,493280,Dynamic_KOSDAQ_Vol
상아프론테크,089980,Dynamic_KOSDAQ_Vol
인트론바이오,048530,Dynamic_KOSDAQ_Vol
엘오티베큠,083310,Dynamic_KOSDAQ_Vol
서남,294630,Dynamic_KOSDAQ_Vol
피코그램,376180,Dynamic_KOSDAQ_Vol
와이씨켐,112290,Dynamic_KOSDAQ_Vol
동구바이오제약,006620,Dynamic_KOSDAQ_Vol
SOL 국고채10년,438570,Dynamic_KOSPI_Surge
금호석유화학우,011785,Dynamic_KOSPI_Surge
코오롱,002020,Dynamic_KOSPI_Surge
LF,093050,Dynamic_KOSPI_Surge
한양증권,001750,Dynamic_KOSPI_Surge
계양전기우,012205,Dynamic_KOSPI_Surge
신풍제약,019170,Dynamic_KOSPI_Surge
동화약품,000020,Dynamic_KOSPI_Surge
유한양행,000100,Dynamic_KOSPI_Surge
한화손해보험,000370,Dynamic_KOSPI_Surge
SP삼화,000390,Dynamic_KOSPI_Surge
롯데손해보험,000400,Dynamic_KOSPI_Surge
대원강업,000430,Dynamic_KOSPI_Surge
SOL 화장품TOP3플러스,0008T0,Dynamic_KOSPI_Surge
유니온,000910,Dynamic_KOSPI_Surge
한국주철관,000970,Dynamic_KOSPI_Surge
DB하이텍,000990,Dynamic_KOSPI_Surge
페이퍼코리아,001020,Dynamic_KOSPI_Surge
CJ,001040,Dynamic_KOSPI_Surge
제이피아이헬스케어,0010V0,Dynamic_KOSDAQ_Surge
골드앤에스,035290,Dynamic_KOSDAQ_Surge
에이스침대,003800,Dynamic_KOSDAQ_Surge
DH오토웨어,025440,Dynamic_KOSDAQ_Surge
피에이치에이,043370,Dynamic_KOSDAQ_Surge
HLB바이오스텝,278650,Dynamic_KOSDAQ_Surge
미래컴퍼니,049950,Dynamic_KOSDAQ_Surge
닷밀,464580,Dynamic_KOSDAQ_Surge
에스오에스랩,464080,Dynamic_KOSDAQ_Surge
유바이오로직스,206650,Dynamic_KOSDAQ_Surge
일진파워,094820,Dynamic_KOSDAQ_Surge
다우데이타,032190,Dynamic_KOSDAQ_Surge
메지온,140410,Dynamic_KOSDAQ_Surge
피에스텍,002230,Dynamic_KOSDAQ_Surge
